id,name,adress,phoneno,removed
1,Valery Packham,57 Dayton Road,2457275725,0
2,Eugenia De Laspee,433 Parkside Center,8191810041,1
3,Neron Thowes,156 Old Shore Parkway,8665754501,1
4,Anetta Everix,467 Mayfield Alley,9388772460,1
5,Cornela Speer,15613 Marcy Alley,2545989210,0
6,Odo Blastock,7710 Summerview Hill,2227157334,0
7,Emalee O'Keenan,2046 8th Junction,7836723161,0
8,Kipp Sighard,89 Debra Plaza,3144168530,0
9,Gonzales Chalice,57 Anthes Park,2028219611,1
10,Farlay Hearons,42839 Mccormick Pass,4786256623,1
11,Evered Bees,335 Farwell Hill,7816916665,0
12,Binni Sleford,83834 Golden Leaf Way,1806967197,1
13,Iorgos Bennell,52 Melvin Pass,8914145640,0
14,Silvana Bampforth,9295 Mendota Parkway,8503463153,0
15,Sher Sweeten,1 Barby Crossing,2378840056,0
16,Leonid Padefield,2 Iowa Road,9105901531,0
17,Kaitlin Davoren,387 Garrison Drive,9987025248,1
18,Dona Dilworth,9 Gale Junction,9797477664,0
19,Obediah Pocklington,5 Daystar Pass,4364183944,0
20,Kippie Hoodspeth,7385 Canary Place,7007827913,1
21,Chad Mirams,00485 Sage Pass,4056853362,1
22,Benedicto Worster,37 Maryland Road,8306187644,1
23,Drake McIan,7 Lakewood Trail,8729733043,1
24,Konstantine Casse,52 Morrow Terrace,8533554905,1
25,Ainsley Scully,87017 Doe Crossing Place,4659381101,1
26,Korney Spurritt,4 Hovde Hill,3746642749,1
27,Harris Gillopp,12025 Dayton Pass,2768463804,0
28,Rois Lippiatt,65393 Forest Dale Pass,3853984298,1
29,Antonin Cranston,1752 Eggendart Drive,3887507607,0
30,Sula Milier,2 Drewry Plaza,2511207480,0
31,Tobe Fillary,3 Jenifer Terrace,8775941885,0
32,Melba Gannicleff,88002 Algoma Court,7476608112,1
33,Kellyann Riseborough,3235 Ronald Regan Point,7847478204,1
34,Trisha Coulter,87854 Ruskin Place,6254054840,1
35,Carolus Thorbon,866 Birchwood Road,8897499777,1
36,Loree Justham,3 Old Gate Point,5806881723,0
37,Web Hairesnape,449 Dottie Park,6956440208,1
38,Theresina Greenstead,472 Meadow Ridge Terrace,6897172740,0
39,Xever Boundey,41019 Butternut Court,6758490557,0
40,Andie Haily,5 Annamark Trail,7503285965,0
41,Elfie Lambertini,4365 Paget Junction,2382911058,0
42,Jo-anne Raven,922 Florence Hill,9124351493,1
43,Albertine Rame,7 Meadow Valley Plaza,9622675582,0
44,Sidney Bracher,883 Nobel Center,2968442547,0
45,Marylee Bumpus,50137 Knutson Terrace,7238175251,0
46,Elwood Runsey,24660 Anzinger Way,6755805382,1
47,Tybalt Cullivan,4 Orin Pass,7797262288,1
48,Derry Stonuary,4448 Rieder Junction,5148366966,1
49,Griffin Basili,4 Katie Road,4388367695,1
50,Rori Covington,73 Green Ridge Court,1156753591,1
51,Reinald Doornbos,3618 Sachs Terrace,5538022926,0
52,Myrtle Olohan,234 Lakeland Alley,3186203799,0
53,Karyn Fortey,0 Calypso Street,2959157542,1
54,Nicolea Curdell,2713 Shasta Drive,8267697339,1
55,Rog Glassup,81 Clove Point,1434603984,0
56,Brittani Beachamp,0 Union Place,2773427862,1
57,Franciskus Firminger,40 Golf Road,7331692672,1
58,Hermine Bellhouse,1151 Northland Crossing,6907491621,0
59,Mannie Kilgallon,539 Kings Trail,5256002896,0
60,Zebedee Tillett,717 Crescent Oaks Street,5114274010,0
61,Miquela O'Grogane,421 Cottonwood Street,8908240116,1
62,Abramo Kobpal,2858 Prairieview Circle,1014188051,0
63,Early Shovelbottom,58 Main Crossing,1499346379,0
64,Gena Filipyev,885 Moose Terrace,2459580156,0
65,Carole Verriour,26044 Kenwood Drive,4936744655,0
66,Ricki Brotherhood,1657 Mesta Drive,9987443051,0
67,Pincas Denekamp,76402 Farmco Terrace,9457094024,0
68,Gibby Zywicki,7876 Namekagon Way,2804078299,0
69,Arnoldo Handrek,06 Pankratz Park,2918330128,1
70,Rudolf Whyffen,07066 Jenna Park,3217375351,0
71,Winne Laffoley-Lane,50109 Meadow Vale Point,1946999262,0
72,Barnabas McSkin,1 Calypso Avenue,5722060812,0
73,Amanda Prestedge,11139 Del Sol Drive,2419632563,1
74,Rickie Trevillion,64398 Southridge Circle,7412098423,1
75,Rosalind Fain,5 Havey Plaza,6807330150,0
76,Quincy Grigore,4612 Kim Alley,8248174652,1
77,Jarad Climson,28 Fuller Junction,5619835119,0
78,Geralda Provost,86 Loeprich Avenue,4377068178,0
79,Falkner Keford,1204 Kropf Pass,8738548712,0
80,Dyanne Quaife,89734 Lyons Crossing,7471289161,0
81,Michael Aylesbury,49 Del Mar Court,2212365903,0
82,Fraser Worboy,74511 Express Way,8258951649,0
83,Abbey Orsi,34 Scott Drive,6588667877,1
84,Barbara Ludwell,77675 Bellgrove Crossing,5611867610,0
85,Shaughn Delafoy,5435 Arizona Crossing,4736282853,0
86,Wandie Wagen,0 Monterey Center,8956402118,1
87,Leigh Mullaly,98 Crest Line Hill,7272026058,0
88,Benedikt Mackrell,8694 Kipling Trail,5268419339,0
89,Sanders Cassel,9 Bowman Point,1972270047,1
90,Joelle Tegeller,1225 Sutteridge Lane,3103631983,0
91,Wilie Camplejohn,96 Namekagon Junction,8175749560,1
92,Lindsey Jurewicz,739 Anhalt Circle,1811009951,1
93,Levon Sollas,922 Holy Cross Crossing,7731258305,1
94,Dane Dunsleve,4799 Delaware Drive,6049098188,0
95,Sylvester Maultby,30 West Plaza,7568548305,0
96,Glenn Woolmington,806 Anniversary Alley,6536998951,0
97,Ruthe Clayhill,737 Welch Drive,1834214771,1
98,Flo Hearnaman,9 Roxbury Drive,1837591471,0
99,Crystal Beavon,3 Larry Point,3761960411,0
100,Jolie Guidetti,5 Cascade Drive,7758323212,1
101,Juli Colquit,5 Kensington Point,3233618650,0
102,Glenna Turbayne,530 Buena Vista Street,6608456791,1
103,Peyton Shurey,045 Tony Park,5233036066,1
104,Henka Stileman,540 Hayes Drive,8702899956,0
105,Sara-ann Heustice,72 Clyde Gallagher Lane,7889316337,1
106,Merwin Birkenhead,2 Artisan Point,7004940742,1
107,Micheil Abson,119 Helena Avenue,7829995823,0
108,Roby Bethell,4 Erie Hill,1061462126,0
109,Claiborn Adess,580 Twin Pines Point,1697293415,0
110,Herman Hugonnet,0 Goodland Junction,2706258201,1
111,Trista MacLleese,4748 Glendale Road,8108899097,1
112,Gigi Borer,388 Clarendon Center,8326718215,0
113,Penrod Kennedy,002 Shelley Center,3671793971,0
114,Alasteir Darthe,73109 Armistice Road,5953773720,0
115,Dominique Rawll,79467 Daystar Court,5215579146,0
116,Felicdad Niave,683 Anthes Park,7776254636,0
117,Nevsa Greet,67 Cambridge Way,9869752515,1
118,Kendricks Redan,000 Goodland Park,9901335107,0
119,Mellicent Oxtiby,69532 Dakota Lane,5177186980,0
120,Marja McSperron,23 Straubel Junction,7144404091,1
121,Juli Barck,92515 Old Shore Pass,6152348894,1
122,Ellis Keener,024 Golden Leaf Road,5881516183,1
123,Hayward Janodet,0523 Westerfield Way,9189049895,1
124,Piotr Laxson,6 Schurz Center,5744234138,1
125,Gale Bakhrushin,44376 Fisk Hill,3774670695,0
126,Isador Penrose,14090 Kingsford Parkway,3357643310,1
127,Nahum Antonowicz,978 Buena Vista Alley,1909809691,1
128,Celeste Grima,17 Saint Paul Terrace,1963540618,1
129,Tirrell Inge,2 Lake View Parkway,9351809704,1
130,Merilee Siaskowski,362 Waywood Alley,8662327153,0
131,Elfrieda Cosins,114 Crowley Point,1828132181,1
132,Lindsy Balston,9 Erie Trail,4999292265,1
133,Kinny Hacking,56 Rockefeller Road,1369376950,0
134,Thom Mahony,81 Summer Ridge Road,4082507040,1
135,Faunie Hillhouse,88 Memorial Drive,9836301361,1
136,Dorry Banaszkiewicz,46 Nobel Hill,4409561906,1
137,Lowe Tebbet,1352 Scofield Drive,1757538365,0
138,Kally Hoffmann,5 Schlimgen Lane,1747787127,1
139,Ingaborg Gilardoni,99 Hovde Circle,6801754944,0
140,Shaine Chatters,105 Sachtjen Lane,3059367916,0
141,Nellie Betts,01 Fairview Hill,3919449095,0
142,Fiorenze Calcott,9 Lunder Center,7373072931,1
143,Ignace Huton,95861 1st Way,9269903010,1
144,Townie China,4 Forster Point,4676683828,1
145,Faber Sustins,8 Kingsford Plaza,9713936626,1
146,Padraig Gergler,0 Dakota Lane,6594539622,0
147,Dannie Dailly,22918 1st Plaza,5686996915,1
148,Winfield Atty,14895 Hudson Street,7855122061,1
149,Titos Plank,76 Cherokee Terrace,9132063355,1
150,Roddie Heake,206 Sauthoff Parkway,8141502723,0
151,Garnette MacCrachen,5 Muir Point,5602830673,0
152,Parke Alfwy,07295 David Street,6832974084,0
153,Vassily Sellner,3 Briar Crest Place,9002401146,0
154,Dilan MacLice,8678 Alpine Drive,8005615431,0
155,Herschel MacScherie,19 Express Way,2866748670,1
156,Audry Leger,83389 Reindahl Street,1807548026,1
157,Tabb Pieracci,5 Red Cloud Court,8668226657,1
158,Rowena Summerson,487 Coleman Lane,1943309151,0
159,Viviene Foord,31 Farragut Point,7732825576,0
160,Gram Sargison,81 Coleman Street,3205806073,0
161,Ozzie Garard,7 Orin Terrace,1321774359,0
162,Koressa Sidle,00 Donald Crossing,5194946172,1
163,Esteban Paudin,34 Washington Avenue,1012234415,1
164,Wiatt Dargavel,1 Ryan Drive,5192133359,0
165,Tomaso Bilton,16926 South Lane,6492459049,0
166,Fanechka Story,5 Bultman Hill,9731004515,0
167,Florella Jados,567 Golf View Lane,8712897750,1
168,Ingelbert Dallon,1 Haas Avenue,8671073308,1
169,Saidee Billany,82 Brickson Park Avenue,8599988509,1
170,Celene Starzaker,5394 Northwestern Pass,7749172290,1
171,Mora Teliga,68 Anderson Hill,3881729088,0
172,Gertrude Breffit,67 Monterey Court,1327238532,1
173,Flore Fairhead,007 Katie Hill,4203948344,1
174,Lucius Tesdale,2 Leroy Court,7935814319,1
175,Karmen Raulston,017 Gulseth Plaza,4422481280,1
176,Coraline Kenen,8 Fuller Avenue,5544765221,1
177,Gianna Horche,41620 Homewood Point,7705972806,1
178,Mahmoud McMychem,7106 Ruskin Junction,5558909495,1
179,Sidonnie Methven,61129 Oak Valley Street,2725193711,0
180,Elna Southall,26 Chive Alley,6571133599,0
181,Joseph Drohane,96 Autumn Leaf Alley,9603928248,0
182,Kit Bonny,01 Bellgrove Avenue,6285054700,1
183,Jessica Prendergrass,4 Oakridge Court,4713669175,1
184,Kelby Spiers,18912 Granby Way,6751651342,0
185,Magdalena Malloch,7 Tomscot Lane,8179613335,1
186,Bell How to preserve,22175 Maple Hill,3175824436,0
187,Leah Redgate,279 Russell Hill,8233426382,0
188,Gwendolyn Sweedy,50879 Rieder Way,1534227770,1
189,Bevvy Meneer,57 Graedel Plaza,1033023201,0
190,Aubree McIlwraith,4271 Village Lane,3368447700,0
191,Marjie Micklem,8 Burrows Junction,6273957612,0
192,Verena Gouldeby,56621 Prentice Crossing,9602672424,1
193,Correy Colquite,56 Bellgrove Pass,7729356788,1
194,Abby McCartan,08338 Golden Leaf Alley,1025802414,1
195,Inglis McCoid,2719 Calypso Plaza,1808246804,1
196,Aluino Trineman,492 Farwell Hill,9693629174,0
197,Letta Peace,7958 Florence Trail,8874789105,0
198,Orelle Clutten,97 Northland Lane,4506221631,0
199,Bunny Cloy,8 Pawling Junction,3085597494,1
200,Katey McClaughlin,52476 Southridge Trail,8858643434,0
201,Robina Matkin,98078 Harbort Alley,8232684849,0
202,Yard Lachaize,5708 Lerdahl Point,6728917978,0
203,Johannah Kemmet,04447 Dovetail Drive,9574150942,0
204,Caroljean Willmetts,30280 Killdeer Avenue,7515352560,1
205,Wileen Josovich,01 Golf View Drive,6538105562,0
206,Arthur Labarre,1 Forster Road,7606888354,1
207,Ellen Fulop,4079 Waywood Terrace,1384331418,1
208,Erna Lowry,874 Cody Park,1089266387,0
209,Rowen Kidstone,770 Arrowood Hill,7351091040,1
210,Milton Cholmondeley,1 American Ash Crossing,4713093051,1
211,Lannie Dowtry,77369 Armistice Road,8409929618,1
212,Dynah Hacaud,41312 Rusk Lane,1466935236,0
213,Jarret Florey,9292 Roth Circle,4636500431,0
214,Dunn Grube,97 Marquette Terrace,7707893168,0
215,Deerdre Gatecliff,85259 Graceland Alley,7513204247,0
216,Gianina Brussell,3973 Bonner Avenue,8587729017,1
217,Morey Peres,37872 Pennsylvania Trail,2954030049,0
218,Jerad Hardinge,97 Gateway Way,2913621548,0
219,Eb Meller,51367 Straubel Pass,6065330245,1
220,Reina Tibb,978 Crescent Oaks Parkway,3693658914,1
221,Nolan Tacker,7353 Troy Lane,3771044273,0
222,Marget Snoddin,7834 Corscot Point,5107547822,0
223,Lee Blaydon,9 Mandrake Plaza,3215228132,1
224,Pincus Daingerfield,942 Spenser Lane,5198285881,0
225,Lazar Joel,3828 Hauk Center,3437351220,1
226,Duff Wanne,77 Rutledge Plaza,7953886294,1
227,Antonietta Zanioletti,959 Fuller Road,4849318647,1
228,Junia McClelland,9 Johnson Drive,3242029351,0
229,Laure Jonin,03 Ridge Oak Place,5932875968,1
230,Blake Sargant,047 Anniversary Place,6272083386,1
231,Cob Agostini,522 Di Loreto Circle,9017552297,1
232,Gwenette Lyal,1 Cascade Junction,5422708734,1
233,Shirlee Skypp,7 Dovetail Parkway,8272769499,0
234,Marena Wickenden,52 Oakridge Circle,8723713895,0
235,Christopher Ellesmere,8 Algoma Way,5566091753,0
236,Frasco Mouse,1871 Lindbergh Hill,4923816460,0
237,Tuckie Jozwicki,5 Drewry Place,6555004944,0
238,Manya Baltzar,35 Dahle Lane,2873531585,0
239,Hulda Balentyne,68342 Ryan Avenue,4181234457,1
240,Jerrilee Glandon,4624 Florence Place,1724024025,1
241,Rriocard Formigli,2 Mockingbird Crossing,7682476195,1
242,Karee Choulerton,4 Chinook Circle,5621971114,0
243,Marinna Dawidowicz,9451 Jackson Avenue,1432941613,1
244,Thomas Bicker,1 Merry Plaza,6718558164,0
245,Leanora Honeyghan,31006 Village Circle,5309417752,1
246,Kinna Bisatt,9 Mosinee Trail,8399075383,0
247,Bathsheba Phelipeaux,78 Superior Place,7366229946,0
248,Alli Small,18127 Union Crossing,2851344142,1
249,Matthew Inglesfield,7900 Myrtle Place,2279096485,0
250,Jess Bradly,51654 Glendale Drive,4079564210,0
251,Ted Case,92 Vera Street,1574479615,1
252,Dniren O'Carroll,65 Grim Place,9188706843,0
253,Connie Indge,7 Old Shore Alley,8638473285,1
254,Addie Battista,30546 Annamark Plaza,1343639072,0
255,Berenice Mullord,6950 Drewry Avenue,5878827661,1
256,Jesselyn Coventry,915 Granby Court,4895402781,0
257,Myca Grangier,95 Sugar Point,8252049842,0
258,Enos Rasch,8 Mayer Junction,2918660079,1
259,Vittorio Stoakes,29765 Talisman Trail,5891485160,0
260,Blayne Storrock,6994 Ramsey Center,7639412736,1
261,Davey Roome,4 Lake View Avenue,6987454040,1
262,Florenza Pleaden,6089 David Court,5831495497,1
263,Raquel Celier,435 Prentice Park,9795419651,0
264,Loralee Leebeter,14 Warner Road,3071930593,1
265,Madelaine Wofenden,43486 Summit Crossing,5183611899,0
266,Dallon Childers,92 Corry Terrace,7655982582,0
267,Blane Buttner,1 Dapin Point,9132372166,0
268,Pat Hebard,7 Almo Pass,4045974615,1
269,Kerrill Cherrington,84028 Superior Avenue,6755151637,1
270,Gris Dewfall,828 Petterle Way,1185185664,0
271,Adamo Fisby,81 Butterfield Drive,5141432254,1
272,Emory Gregoretti,2233 Sloan Parkway,3002101796,0
273,Megen Ghidotti,46366 Hallows Drive,7121846296,0
274,Abbe Trattles,824 Manley Plaza,9592239323,0
275,Shena Baal,5149 Cordelia Pass,7866617942,1
276,Esther Sayre,95854 Redwing Pass,9156066430,0
277,Hedvige Rikel,5 Carey Terrace,1489664322,0
278,Kendell Hyndes,5 Lotheville Parkway,7195454812,1
279,Abbe Chesney,6 School Alley,8489234302,0
280,Othelia Berringer,81295 Sherman Street,6742797707,0
281,Roxie Firbanks,524 Shasta Pass,1741855994,0
282,Krishnah Vear,03134 Fairview Lane,5253465053,1
283,Fax Tottman,7 Bluejay Pass,3761765466,1
284,Lydon MacKenzie,38237 Lukken Trail,9262192035,0
285,Joshia Lorain,44516 Michigan Avenue,5024211801,0
286,Baldwin Wicken,86 Thierer Pass,8988486503,0
287,Pernell Cleyne,13 Westridge Way,6598821580,1
288,Bartlett Tovey,3 Hollow Ridge Drive,1175909822,0
289,Ulrika Wisdom,43830 Porter Trail,5163651927,0
290,Georgie Condell,3 Lotheville Avenue,2131326799,0
291,Meridith Terris,16 Scofield Junction,1943607570,1
292,Barbara Broggetti,18086 Pleasure Terrace,9166237408,1
293,Alard Salery,03 Hudson Junction,5898837995,0
294,Ibrahim Buckam,6 Harper Way,7669114462,1
295,Joana Batterton,799 Donald Plaza,1905054731,0
296,Aimee Kinset,1 Prairieview Road,4048065156,1
297,Carma Trolley,48 Tennyson Plaza,6541067719,0
298,Cindelyn Jeff,256 Hoffman Way,7083920170,0
299,Pattin Clac,40 Grim Hill,3905504062,1
300,Cornie Ianne,92724 Rutledge Court,1361359427,0
301,Ingaberg Hannon,72 Anhalt Junction,7722603006,1
302,Violante Jallin,8 Sugar Junction,7796883081,1
303,Ermentrude Manilove,821 Meadow Ridge Parkway,5217535609,0
304,Selena Iskow,55446 American Ash Plaza,3215659602,0
305,Guss Redmayne,3912 Pond Crossing,5958223843,1
306,Cliff Deignan,20 Valley Edge Lane,1425223051,1
307,Elyn Thurley,43645 Susan Park,5911285538,0
308,Giordano Shears,6595 Division Drive,5116259949,0
309,Blair Grieveson,24 Novick Terrace,6682521654,1
310,Benjamin Bulstrode,57590 Lakewood Gardens Junction,8853878682,0
311,Oberon Lemmer,4 Charing Cross Avenue,3738834777,1
312,Stu Shipp,58 Hoard Place,9049232298,0
313,Huntlee Deerness,8007 Hallows Court,7568164920,1
314,Boigie Dionis,99564 Delladonna Terrace,4604683974,0
315,Konrad Dissman,6 Raven Alley,7345681185,0
316,Conrad Westoll,2 Rusk Trail,8164932279,1
317,Gabrila Bohman,34895 Talisman Court,7871240673,0
318,Torrence Rieflin,7571 Muir Junction,3509858945,1
319,Javier Duckwith,27024 Hallows Parkway,6868124898,0
320,Russ Kerwick,121 Loeprich Street,1668918522,1
321,Clare Wildman,9 2nd Center,7805143938,0
322,Homer Rumming,828 American Ash Avenue,8002858320,1
323,Legra Polak,2 Fieldstone Place,1921630248,0
324,Cyndy Cobbald,65 Northwestern Road,2064738270,1
325,Margarita Millom,3526 Cardinal Court,2298440102,0
326,Rhys MacPhail,5556 Prairie Rose Crossing,9202873826,1
327,Clementina Windle,5 Green Ridge Way,7539497407,0
328,Mariele Truckett,8254 Bayside Center,6583239397,0
329,Andriette Belliveau,221 Buhler Parkway,6829850010,1
330,Eamon Heliot,6 Washington Lane,6641292642,0
331,Gannon Groll,5145 Crescent Oaks Circle,9552812525,0
332,Dory Hards,190 Artisan Road,2707562129,0
333,Arden Beach,7 Springs Junction,9591360291,1
334,Rosalynd Don,5145 Rigney Lane,4597310664,1
335,Bonnee Canaan,72 Gulseth Road,8585576065,0
336,Frederico Bampfield,1383 Blue Bill Park Hill,7722854789,0
337,Rosabel Holywell,933 Loftsgordon Court,3867767378,1
338,Sibbie Muggach,7 Corscot Junction,5833718832,0
339,Beale Oda,9 Green Ridge Point,5867653263,0
340,Jean Moakler,5 Havey Park,7136806329,1
341,Kellen McOrkil,6714 Sheridan Terrace,8874622035,1
342,Katti Brounsell,1911 Lindbergh Road,8878030868,0
343,Errick Mellonby,9 Clemons Pass,4723835374,1
344,Shoshana Cushion,97502 Dryden Way,9825141872,0
345,Cirstoforo Coulton,57 Elmside Center,2458937466,1
346,Pall Fuke,493 Moland Plaza,6259109581,1
347,Dix Bowdler,024 Brickson Park Hill,3617793595,0
348,Maximilien Burdas,9 Welch Drive,3291149789,1
349,Calhoun Lafond,96 Petterle Avenue,5277999730,1
350,Judye Samarth,414 Lakewood Gardens Alley,4178409955,1
351,Rosanne Kilfeder,69 Farwell Place,1491895658,1
352,Jimmie Fontelles,03 Delaware Circle,8176982682,0
353,Kinsley Phifer,262 Buhler Court,8009450875,0
354,Casper Horsey,54324 Lerdahl Terrace,8975991504,1
355,Freda Blaik,19627 Farmco Place,8229929590,1
356,Mohandis Simeon,2586 Nova Drive,7709498036,1
357,Quintina Dermott,1 Veith Avenue,9759858124,0
358,Diahann Fessier,564 Village Terrace,7311706104,0
359,Leopold Goodsall,31463 Oneill Plaza,5576932795,1
360,Robina Langdon,22590 Arapahoe Alley,6736664345,1
361,Arabel Liepins,94752 Jana Junction,2592851155,0
362,Yancy Grinaugh,1 Vernon Parkway,7361303564,1
363,Eartha Lumox,399 Porter Avenue,4742532719,0
364,Milena Odby,1 Mosinee Circle,5458636785,0
365,Manfred Daffey,39575 Rusk Terrace,8527201585,0
366,Hobard Arbon,35 Kipling Plaza,1841055890,0
367,Blakelee Povlsen,563 Garrison Crossing,8566284283,1
368,Chloe Baily,5861 Lukken Park,6229879350,1
369,Omar Mort,958 Holy Cross Circle,8161682755,1
370,Jennilee Witchard,9193 Basil Avenue,2693763010,1
371,Nappie Vernalls,491 Springs Crossing,2793693776,0
372,Britt Pulteneye,2 Packers Pass,6158580629,1
373,Petronia Jenteau,80 Westport Hill,8083137204,1
374,Stepha Aucoate,7435 Main Lane,1075063591,0
375,Trenton Tillot,61 Northland Junction,9299908581,1
376,Gibb Iapico,99 Toban Way,3315439833,1
377,Kennedy Dumbrall,2762 Elgar Way,1901019807,1
378,Lesli Kerfoot,9452 Spenser Pass,8448669371,1
379,Fredelia Stachini,29 Browning Court,4047591114,0
380,Willem Dhenin,21 Lukken Junction,9022853799,1
381,Jermaine Peepall,88512 Pankratz Drive,9874997454,1
382,Brittaney Shearme,6416 Delladonna Trail,9893388788,1
383,Myrvyn Toy,98734 1st Place,3633091257,1
384,Iris Hanselman,7 Larry Street,1952700398,0
385,Chanda Feldbrin,76643 Quincy Alley,9662416021,1
386,Garrott Ferebee,4 Milwaukee Plaza,8729459792,0
387,Larine Warbys,75 Washington Plaza,5653144236,1
388,Lisbeth Vass,5153 Armistice Parkway,9177128882,0
389,Francis Cornock,0 Iowa Crossing,9563124135,0
390,Henderson Pyper,6 Meadow Valley Way,4582377861,1
391,Trixie Sheer,8847 Londonderry Trail,8866084556,1
392,Fina Pessel,12 Monterey Circle,5397859709,0
393,Felice Gothliff,149 Morrow Drive,2231780952,1
394,Concordia Tonge,3 Washington Plaza,9196105956,1
395,Myrilla Kulas,081 Mandrake Street,7755174903,1
396,Yale Flasby,228 Spohn Lane,2127090029,0
397,Lazare Clymer,2 Vera Alley,7832792742,0
398,Cleopatra Tremoille,172 Bayside Plaza,4379781978,0
399,Gaultiero Tomisch,0 Grim Plaza,7761002044,0
400,Arv Smerdon,6526 Stoughton Place,1878725001,1
401,Giselbert Edmundson,44 Warner Lane,8722537593,1
402,Moss Beedie,6897 Starling Court,6686461216,1
403,Flossy Rambadt,20693 1st Terrace,4002110982,0
404,Kate Irons,8 Ridgeview Drive,6498869924,1
405,Hyacinthie Messruther,5401 Old Gate Circle,2555534999,0
406,Becky Chugg,352 Rowland Drive,6683110338,0
407,Lurette Gogie,42 Dahle Parkway,2234577854,0
408,Aprilette Solland,351 Bonner Street,5592425182,1
409,Zondra Nisen,106 Mockingbird Road,6358510575,1
410,Jeffie Coakley,57 Golden Leaf Drive,5443204052,0
411,Corella Pandey,650 Holmberg Pass,8368054002,1
412,Scott Elie,4 Johnson Park,7162017456,1
413,Shirline Guy,077 Rieder Point,3749741708,1
414,Catharine Smedley,393 Schiller Plaza,2013956033,0
415,Bern Woehler,291 Katie Place,2423727163,0
416,Hamid Gagie,4318 Barby Alley,7071280274,1
417,Aidan Rue,01 Mcbride Parkway,5089016732,1
418,Hamil Gregoratti,24 Algoma Point,3517915135,0
419,Cecilius Henrichsen,4 Veith Parkway,7953294003,1
420,Merrili MacCheyne,16 Oakridge Point,3329256389,0
421,Casey Roxburch,55 Dawn Crossing,4546391179,0
422,Winston Treadger,50307 Clove Hill,1031448906,0
423,Quent Aspenlon,3454 Caliangt Road,1728164911,0
424,Marja Axton,27 Mcguire Court,3989113384,0
425,Barton Camfield,94512 Jay Road,5425258490,1
426,Gabriello Fennick,4 Anzinger Lane,4413006466,1
427,Gloriane Broad,60033 Browning Point,8838398144,1
428,Winslow Nerney,9 Green Crossing,6659064822,0
429,Randi Puckinghorne,2 Anderson Way,4644808186,1
430,Lancelot Aubrun,75918 Mayfield Center,7788396798,0
431,Patrice Ellershaw,112 Loeprich Hill,5461204689,1
432,Consuela Dik,3943 Roxbury Center,1653693096,1
433,Carley Howroyd,392 Arkansas Parkway,4365590607,0
434,Dory Lindell,696 Columbus Plaza,9441087734,1
435,Carla Topley,9331 Garrison Pass,5297622463,1
436,Romain Rechert,7230 Goodland Terrace,5054352631,0
437,Astrix Goskar,3485 Springview Circle,9946167347,0
438,Rozella Stachini,243 Mifflin Road,5859512454,1
439,Stirling Skill,15565 Bobwhite Park,4076130653,0
440,Luther Loseke,0 Scoville Hill,7637672940,1
441,Leila Bernier,2 Westport Center,5949346443,1
442,Virgie Mancer,26 Coolidge Park,5228445026,1
443,Aubert Iddens,38529 Hagan Court,2533307964,1
444,Cecilla Pooley,359 Golden Leaf Road,4994346841,0
445,Joey Whitman,73 Center Hill,5966125180,1
446,Orelie Boyle,3 Blaine Plaza,5417017099,1
447,Kari Ziemens,77184 6th Point,4566523983,1
448,Edlin Cattrell,2 Cottonwood Terrace,5881224842,0
449,Paulo Nixon,0 Pennsylvania Hill,9782486023,1
450,Garrek Olivia,69 Kenwood Pass,3396314158,0
451,Marcellus Kleinfeld,49935 Lake View Drive,2535540576,1
452,Kassie Toffaloni,82 Autumn Leaf Junction,2107496370,0
453,Rubina Le Breton De La Vieuville,6817 Spenser Lane,3807102482,1
454,Alyssa Sheffield,54666 Tennyson Avenue,4801045873,0
455,Delly Sabbatier,7 Waubesa Trail,1165145275,0
456,Ailis Barbe,20916 Forest Dale Point,8547437768,0
457,Elfrida Lawther,6125 Old Gate Lane,4138470256,1
458,Yorker Doers,823 Clemons Pass,9942090060,0
459,Jacquelynn Davet,8 Di Loreto Trail,3162569725,1
460,Farris Sarginson,2 Cambridge Circle,3396625315,1
461,Elnora Farbrother,46 Banding Drive,1015959421,1
462,Ware Moynham,78 Pine View Drive,9175765016,0
463,Mignon Smitton,64972 Raven Way,3493034429,1
464,Cassi Blanckley,72 Rowland Court,3079092139,1
465,Ezekiel Benterman,4258 Alpine Trail,7745382819,1
466,Kailey Ainscow,292 Northview Street,5053112889,1
467,Jonas Cornbell,17117 Granby Lane,4392727308,1
468,Jarred Kernocke,906 Pleasure Hill,1184773476,0
469,Farlay Georg,1 Ridgeview Court,4105584618,1
470,Janene Barense,11070 Melrose Center,5381324449,0
471,Tallie Grigsby,84315 Carioca Pass,6048061321,0
472,Jerrylee Tomlins,91 Ilene Point,3623258795,1
473,Cordell Father,81 Grasskamp Road,7113668855,1
474,Kissiah Van Der Weedenburg,8763 Pennsylvania Junction,6962890049,1
475,Estel Chapiro,15 Pankratz Way,2348907815,0
476,Sauncho Poles,6548 Towne Hill,3685646591,1
477,Corette Worwood,463 Morning Plaza,7245860955,1
478,Grove Duns,150 Colorado Road,5066883852,0
479,Marion Minchell,592 Westerfield Street,6926036595,0
480,Lynnette Mollon,8253 East Point,5009419530,0
481,Sollie Petit,1 Walton Circle,1281102605,0
482,Rustie Windram,9669 Marquette Alley,5691395494,0
483,Ailey Battson,0 Dottie Lane,4874751706,1
484,Laurie Folbig,6367 Rutledge Alley,9147266156,0
485,Renelle Gockelen,95 Vahlen Street,8066533559,1
486,Culley Suett,594 David Way,7639781917,0
487,Clarissa Brandts,567 Washington Center,3413355820,1
488,Amandy Kemston,5 Sundown Hill,8871313708,1
489,Urbain Shyram,487 Kinsman Pass,8301224865,1
490,Phyllis Pitcher,85 Mayfield Hill,6344742887,0
491,Darlleen Manson,179 David Hill,5864924021,1
492,Debora Faithfull,2 Orin Road,8461639594,1
493,Mac Gannaway,6 Clove Point,2302155008,1
494,Debora Beed,0 Calypso Crossing,4737778238,0
495,Linc Peever,6859 Hazelcrest Street,5986268846,1
496,Darda Brimner,5848 Moulton Parkway,8515863409,1
497,Edlin Kempton,01617 Corry Trail,1087923480,0
498,Rosa Lefley,63 Union Street,1856303740,0
499,Arly Colquete,639 Oneill Park,8552047482,0
500,Mac Woolham,67 Bunker Hill Hill,2108260276,0
501,Wye Deeming,377 Acker Drive,9857395215,0
502,Claudia Rozzier,7386 Butterfield Road,7235644915,0
503,Jordain Udale,7 Eastlawn Crossing,1752537758,1
504,Noll Durnall,7205 Arkansas Point,1092888499,0
505,Vitia Wreiford,7369 Emmet Trail,1428675798,0
506,Tobit Scorer,53 Kropf Avenue,1259844836,0
507,Cristy Swin,118 Artisan Lane,6538751363,1
508,Garret Hoble,81008 Columbus Park,9451207797,0
509,Darnall Shropsheir,6803 Grover Pass,3947052473,0
510,Raul Reubel,7 Westend Center,2023660673,0
511,Amandy Bukac,9304 Thackeray Parkway,7093604300,0
512,Adham Klaassens,733 Lerdahl Street,5435729654,1
513,Mile Pigrome,73929 Kipling Pass,1642915631,1
514,Clotilda Dalziell,6520 Transport Alley,6079519879,1
515,Parke De Mattia,0236 Summer Ridge Point,3712946914,1
516,Martelle Starcks,19095 Briar Crest Plaza,9127014053,1
517,Fayette Batten,1 Maywood Drive,9178458612,0
518,Nevsa Mackilpatrick,92146 Prentice Trail,5303459246,0
519,Elysha Strother,887 Russell Crossing,6782826089,0
520,Brendon Denacamp,60274 3rd Trail,8537889300,0
521,Katleen Brine,57 Duke Place,6772148538,0
522,Morganne Streather,3 Bluejay Pass,2986467630,1
523,Aurel Hopkyns,62 Packers Place,1663055631,0
524,Carny Scala,5 Hayes Plaza,4779639198,1
525,Jamison Fulep,32 Hanson Junction,1655615760,1
526,Hunter Casoni,4 Schiller Court,2237050407,0
527,Khalil Madle,6 Leroy Crossing,4299688600,1
528,Conrad Frowing,93 Nevada Plaza,9698772538,1
529,Alex Dyka,89977 Lerdahl Alley,2766105969,1
530,Christan Langham,78039 Milwaukee Point,5851904308,0
531,Johnathan Wandless,525 Prairieview Park,4369237442,1
532,Esdras Stainton,4 Cascade Street,3702589789,1
533,Andrew Whiston,166 Bunting Circle,3472865555,1
534,Eugenio Whardley,77827 Mitchell Point,9053451139,1
535,Quintus Downes,53 Alpine Street,2634744905,0
536,Phebe Kinchlea,76 Lunder Street,4079574722,1
537,Sydney Sowman,913 Norway Maple Junction,2136690938,0
538,Anestassia Hammerstone,08 Parkside Place,6494670424,0
539,Nedi Seamons,0 American Point,3976525344,1
540,Haley Morrieson,789 Sundown Street,2423176302,1
541,Monah Rodmell,04829 Forest Way,7787768425,1
542,Blayne Paige,54 Scofield Plaza,5122317351,1
543,Cassi Korneichuk,06403 Longview Court,4281756422,0
544,Kristi Arblaster,4792 Ludington Point,3115600975,1
545,Kirby MacFarlane,42 Nobel Place,8222780604,0
546,Batsheva Longworthy,202 Division Hill,5634554439,1
547,Andi Paice,3 Wayridge Avenue,5401365595,1
548,Rollin Leneham,9273 Melrose Junction,2499544614,0
549,Lamond Pavluk,990 Montana Trail,1011209514,0
550,Kingston Morena,63111 Mayfield Street,1416889223,0
551,Randie Morales,4133 Carpenter Pass,5617870872,1
552,Joelly Huot,95442 Surrey Alley,8069200416,0
553,Shep Garrit,014 Stone Corner Way,1801781296,1
554,Hannie Hainey,82330 Grayhawk Place,4218607414,1
555,Izaak Davidge,15 Bartillon Lane,9604665532,1
556,York Broe,41 Myrtle Plaza,1648246471,1
557,Dorris Janman,425 Tony Street,8819157513,1
558,Shoshanna Diamond,10778 Sherman Alley,9643166273,0
559,Adelind Rolfi,98 Dawn Pass,3469146208,0
560,Enrico Tanner,9 Packers Avenue,2407851141,1
561,Loria Crystal,49180 Lotheville Place,7106468870,0
562,Estelle How to preserve,72592 Eggendart Junction,5911874321,0
563,Barton Tidey,47329 Mcguire Center,1386647404,1
564,Stafford McRoberts,4 Macpherson Road,3844409431,1
565,Hammad Kilmaster,458 Dottie Circle,2005063369,0
566,Hermann Le Lievre,7 Eagle Crest Court,2361353573,0
567,Danyelle Prazer,2098 Barby Center,4294859711,1
568,Vivyanne Rudland,612 Susan Center,4724993506,0
569,Nanete Trevithick,479 Hermina Park,3526676597,1
570,Arlie Rusbridge,85 Dottie Road,2222882504,0
571,Raimund Grindell,127 Boyd Terrace,9905356850,0
572,Grethel Durie,2493 Lighthouse Bay Parkway,9547180449,1
573,Morse Dubois,68 Kropf Plaza,7418992460,0
574,Amalea Pothergill,776 Mesta Terrace,7325792080,1
575,Pip Dudney,251 Ryan Road,6533701656,1
576,Fiona Durtnall,39525 Hoard Pass,7224284646,1
577,Lyn Doddemeede,40216 Westerfield Hill,6935657496,0
578,Kameko Martinek,43151 Boyd Hill,6283477052,0
579,Malissia Dessent,24780 Algoma Point,8736301466,0
580,Gay Dur,93 Corscot Park,5668496306,0
581,Barbara-anne Eldin,95811 Bultman Alley,3168148384,1
582,Margot Trasler,43 Fuller Terrace,1897793127,1
583,Ali Armor,2308 Summer Ridge Court,3244571387,0
584,Reggi Dikes,3 Eastlawn Court,6756686343,1
585,Donal Yelyashev,86382 Arizona Hill,6227520169,0
586,Svend Hampshire,92 Cascade Junction,2581079104,1
587,Thorsten Extance,6 Prairie Rose Junction,6617643192,0
588,Lambert Greenly,52220 Johnson Junction,6731637051,0
589,Rhodie Harcus,25805 Pine View Parkway,8469996262,0
590,Nada Whitcher,16248 Loftsgordon Junction,2247740384,1
591,Inglebert McCuis,03 Quincy Way,6653759798,0
592,Sim Hyne,9538 Luster Plaza,9227802264,0
593,Rivalee Tubb,3 Straubel Court,6293224522,1
594,Ardeen Alyukin,06866 Monica Parkway,5194763322,0
595,Briano Wilkins,66886 Wayridge Alley,5871216034,1
596,Aili Meiner,9275 Colorado Junction,4614504136,1
597,Aluino Casper,94260 Eastlawn Trail,3139082208,1
598,Bonita Emmison,7836 Lighthouse Bay Alley,8185121213,0
599,Wade Ouldcott,4231 Elka Drive,6803337689,1
600,Agnella Aucourte,70 American Ash Park,6298308617,0
601,Travis Wims,2796 Sundown Junction,8035191819,1
602,Thatch Versey,54046 American Ash Center,1746973769,0
603,Lillis Armin,4692 Meadow Vale Alley,6348397680,1
604,Charley Skillitt,98 Barby Circle,4027871125,1
605,Claire Klimschak,7339 Packers Alley,6147549463,1
606,Inesita Romaynes,024 Dixon Road,4401786244,1
607,Goldy Duffy,348 Hoepker Crossing,5295422270,1
608,Kellby Broodes,514 Anhalt Terrace,6247513893,1
609,Marena Seefeldt,470 Gateway Street,4191702464,0
610,Lisabeth Olyff,6109 Tennyson Circle,1642883445,1
611,Geraldine Goodrick,2 Walton Parkway,2615824802,0
612,Dav De Roberto,82 Daystar Plaza,5965149155,1
613,Shanda Feetham,681 Steensland Hill,6629422104,0
614,Udall Domange,2212 Columbus Hill,6225807934,0
615,Purcell Beardwood,954 Becker Trail,4628767977,0
616,Mable Uridge,8 Stephen Pass,6874351905,0
617,Vittorio Blaksley,3956 Miller Place,6731033978,0
618,Flss Caldecott,79872 Meadow Vale Lane,7547871092,0
619,Kaitlyn Standish,9182 Mccormick Way,2142124943,0
620,Austina Reina,51 Stang Hill,5908957199,1
621,Rod Allpress,05985 Vidon Pass,9256310590,0
622,Trina Massingberd,699 Pond Park,4161503672,1
623,Joly Loidl,859 Swallow Plaza,5264960143,1
624,Lelah Ouldred,8793 Summit Street,5826787331,0
625,Nikoletta Braybrooks,4507 Wayridge Alley,2281983052,1
626,Sadie Conechie,55 West Way,6852901708,1
627,Cristy Cloke,0 Moose Point,8828243428,0
628,Gertrude Mollin,02 Stone Corner Center,4119371349,1
629,Marielle Klimke,49059 Dawn Circle,2134469028,1
630,Ludovico Beranek,98 Victoria Street,7516592052,1
631,Emmett Rainger,60 Melby Hill,1691787080,1
632,Tedi Dawks,62 Fallview Circle,4211519084,0
633,Eartha Delacroux,41 John Wall Drive,3629539966,0
634,Rikki Mioni,0273 Londonderry Park,3606681294,1
635,Rourke Crate,09 Moulton Hill,8636399481,0
636,Caron Mapstone,13807 Kipling Drive,8011105877,0
637,Shae Lammin,6169 Northfield Parkway,4815535825,1
638,Noellyn Elintune,5 Del Sol Crossing,9601873476,0
639,Cloris Aguirrezabala,4 Texas Pass,9503180355,1
640,Danyette Garnsey,00040 Reinke Drive,2839537232,0
641,Pip Coweuppe,76 Morningstar Court,8792119638,0
642,Micaela Goodey,0215 Killdeer Way,2807776737,0
643,Vincent Eason,88 Everett Street,3454082849,0
644,Paulie Youle,73531 Northridge Junction,4421182368,1
645,Brockie Kay,21 Coolidge Crossing,5509117369,1
646,Dahlia Vittery,530 Dawn Parkway,7704381519,1
647,Cordula Goldsbrough,6 Kipling Point,4309345743,1
648,Modesty Wallington,7160 Utah Lane,8457306399,0
649,Cristian Heppenspall,72 John Wall Hill,5118902599,1
650,Gratiana Hagger,661 Steensland Circle,9409340472,1
651,Remus Nibley,1726 Merchant Way,4609221786,0
652,Madalena Boliver,96862 Quincy Park,1067091791,1
653,Dennis Celli,6 Fordem Alley,2986342452,1
654,Dion Larrosa,87 Briar Crest Terrace,2346399266,1
655,Giustina Windibank,2340 Darwin Place,5212171040,1
656,Fletcher Baynon,674 Norway Maple Circle,5216723558,0
657,Alta Teck,90067 Swallow Terrace,8241066471,1
658,Benedetta Rosenwasser,0 Dottie Way,8593714163,1
659,Tomi Screeton,38 Superior Road,9526844162,0
660,Whitney Defraine,2111 Helena Drive,4632476144,1
661,Eloisa Maith,50714 Commercial Terrace,3896425404,0
662,Eamon Duddridge,5 Park Meadow Circle,8103004405,0
663,Alisa Spriddle,2698 Warbler Terrace,8492658615,0
664,Flint Irdale,09610 Blackbird Trail,5974287446,1
665,Russ Frisby,59234 Trailsway Alley,6374534849,0
666,Karita Witter,3474 Russell Plaza,6442844953,1
667,Dallon Flye,98605 Bay Avenue,4336340760,0
668,Angy Grealey,38977 Melby Alley,8151035764,1
669,Rod Corradi,131 Maple Wood Alley,2257397579,1
670,Wynne Benardeau,7349 Mayfield Crossing,7726057069,0
671,Tiebold Fricker,01816 Forest Hill,9895344693,1
672,Sigfried Twidle,1 Carioca Crossing,8459549797,0
673,Saxe Prys,5 Tomscot Center,5754661383,0
674,Thornton Devonald,958 Hansons Hill,7007256421,1
675,Meyer Arthy,13940 Burrows Alley,1886004733,1
676,Brewster Vankin,47120 Morning Place,9223407771,0
677,Shannen Burlingham,70 Stephen Parkway,6478815687,0
678,Sutherland Drury,3 Vernon Trail,3917475063,1
679,Bea Dryburgh,45309 North Lane,5906635153,0
680,Faythe Oles,503 West Point,2849232079,1
681,Frayda Almond,127 Lawn Lane,1666182602,1
682,Corrine Stidworthy,2 Northridge Junction,4908713806,0
683,Aubry Shakespear,8 Clemons Park,6828474947,0
684,Annabell Sherrum,58527 Arapahoe Avenue,2137567032,0
685,Herculie McCullock,49 Ludington Parkway,8715568250,1
686,Jaime Berney,125 Pine View Alley,5681047024,0
687,Barth Ciccarelli,5 Bayside Point,3432189891,1
688,Correy Ricardot,3 Swallow Street,3271508730,1
689,Bentlee Glashby,6691 2nd Point,6953478725,0
690,Lesli Swetmore,9 Hansons Road,8966799660,0
691,Shelia Carp,23126 Knutson Center,5353971749,1
692,Carmina Ashbee,89 Holmberg Way,5691920973,1
693,Francine Prior,3 Starling Center,4874844293,0
694,Johann Hendren,5 Northwestern Way,4198300845,1
695,Herbie Barnfather,03 Stoughton Lane,8382783880,1
696,Kiele Votier,2 Laurel Junction,3495123120,0
697,Ivory Bullon,78 Lakewood Pass,7975117629,0
698,Jerry Belchamp,48 Pankratz Junction,8595611431,0
699,Wilhelmina Pirdy,500 Paget Pass,4804405738,1
700,Bogey Sowerby,8 International Trail,8392367915,1
701,Mace Syplus,07879 Holmberg Court,9772149815,0
702,Jerry Tuckey,01 West Street,5523643660,0
703,Norry Mulvin,2 Birchwood Terrace,9688688430,1
704,Norbie Eckly,785 Delaware Park,9972735583,0
705,Burtie Castanaga,81724 Goodland Point,2233975899,1
706,Viviyan Rodrigo,7 Clyde Gallagher Center,7537766301,1
707,Lacy Laidel,527 Scofield Street,9764232226,1
708,Selestina McAllan,60 American Ash Street,9777545159,0
709,Brok Bernet,48483 Doe Crossing Place,8639100239,1
710,Charmion Choat,32590 Sundown Hill,4708213770,0
711,Norene Gauge,24 Spenser Junction,4374538227,1
712,Tommy Risbrough,07670 Huxley Place,2238611862,0
713,Tracy Bleakley,983 Harbort Place,7856857420,1
714,Pavla Woofendell,56601 Knutson Parkway,3587982984,1
715,Daisie McQuirk,3 Summerview Place,8098917329,1
716,Kiley Chartres,275 Fisk Place,8288447414,1
717,Jenny Youster,4842 Pennsylvania Trail,2685617050,1
718,Bernardo Biddles,7415 Glendale Center,2329107010,1
719,Margo Klaassens,7202 Sachs Plaza,3761565741,0
720,Murial Forber,367 Paget Way,5492499623,0
721,Rose Peachment,7 Arizona Alley,7823868768,1
722,Udall Stubbin,45 Judy Pass,5564316897,0
723,Konstantine Lamps,268 Bashford Terrace,5974743878,1
724,Camilla Abbitt,11515 Old Gate Circle,6393915263,1
725,Casi Jorio,70369 Havey Parkway,5329411852,0
726,Ashby Lochrie,824 Brentwood Road,2555305657,1
727,Robinson Annetts,371 Division Crossing,6451892368,1
728,Theadora Legrave,518 Glacier Hill Junction,5481685984,0
729,Reina Darrigoe,9 Center Pass,7865210757,1
730,Horatia Reeds,766 Commercial Street,3508409223,0
731,Ely Cotsford,92 Blue Bill Park Terrace,3855472977,0
732,Burnaby Gobel,9773 Washington Street,3203385785,0
733,Thibaut Warde,55708 Moland Circle,7639923773,0
734,Nicol Golson,824 Shasta Center,8031819400,1
735,Micky Worham,67 Leroy Point,6217957450,0
736,Carol-jean Cammomile,51 Fieldstone Hill,7739291838,0
737,Artemus Ferreli,52 Westerfield Pass,3917837853,0
738,Aldric Spearett,55 Drewry Point,1904810200,0
739,Harold Rimes,71 Shopko Court,9432860857,1
740,Halsy Greaterex,49 Anhalt Terrace,5429994213,1
741,Chlo Antonescu,2161 Nova Lane,3256305639,0
742,Patrice Blackborne,29 Towne Way,9984820932,0
743,Allina Glennard,7421 Armistice Way,9088834030,1
744,Ladonna Vivian,767 Kropf Trail,5203329795,0
745,Emmey Muino,44 Sloan Point,5263637909,0
746,Doralin Mulligan,94896 Golden Leaf Point,8287835903,0
747,Beatrix Monier,662 Mosinee Crossing,7443765717,1
748,Dulci Jaye,115 Sachs Street,5252869182,0
749,Millicent Lakin,5732 Ohio Road,9919338478,1
750,Rozele Loynton,0432 Cambridge Crossing,5302459151,1
751,Dunstan Schutze,392 Chive Place,3355495234,0
752,Tony Tranfield,2876 Dexter Way,9624960949,1
753,Trev Jozefowicz,18 Ridgeway Parkway,2653917912,1
754,Ophelia Von Welldun,17957 Cambridge Way,4399064481,1
755,Avie Govier,0940 Michigan Alley,9072599101,0
756,Loree Jenson,287 Brentwood Way,3992995173,1
757,Catherina Blaza,92 Judy Avenue,6075643485,0
758,Taryn Shattock,5456 Goodland Circle,2401567758,0
759,Lenette Orgel,5510 Linden Crossing,8574290433,1
760,Gideon Knevett,9189 Coolidge Place,1457671445,1
761,Goddard Roocroft,17 Utah Center,2308440691,0
762,Idette Foggarty,4 Anniversary Drive,4172218061,1
763,Minetta Bamlett,10375 Armistice Way,5046629537,0
764,Merci Rattray,36 Hollow Ridge Terrace,8648478955,0
765,Hilde Gritsunov,79947 Evergreen Circle,8848657547,0
766,Cori Boulton,557 John Wall Hill,6156396095,1
767,Morna Loade,902 Waywood Plaza,1549710018,1
768,Loralee Yearns,7 Dorton Center,2826309673,0
769,Alaine Cornels,52 Washington Pass,3537892980,0
770,Sile Barlow,623 Troy Drive,6566222124,0
771,Daniella Hodgets,1170 Buell Plaza,5327847039,1
772,Inez Mingo,3676 Kingsford Alley,7642663935,1
773,Minette Pesselt,6 Graceland Alley,6385702449,1
774,Jakie Corradetti,02 Erie Plaza,4311881268,0
775,Nanice Blindt,349 Village Point,6614303390,0
776,Lindon Tamsett,2668 Waywood Street,2602334851,1
777,Vivianna Bustard,124 Meadow Vale Terrace,4962983657,0
778,George Whimp,79 Vera Trail,3234462216,0
779,Tawsha Blaxeland,9944 Boyd Place,1399575103,1
780,Hildegarde Esilmon,58 Union Center,9553042356,0
781,Albertina Kollaschek,495 International Hill,8272321218,1
782,Bess Martinson,66 Springview Place,9498465212,1
783,Isac Bollard,88 Fisk Crossing,2102426633,1
784,Gusta Diviney,8 Reinke Point,3759314536,0
785,Berti Sutliff,9117 Crescent Oaks Avenue,1275816838,0
786,Terry Yukhnini,18300 Del Sol Crossing,3647939619,0
787,Tibold Legrice,6 Hazelcrest Center,4714533808,1
788,Lauraine Muschette,53451 Parkside Avenue,4446161538,0
789,Regine Castiello,728 Anderson Trail,5551995656,0
790,Kathleen Sabin,597 Mifflin Circle,4718400505,1
791,Cassie Ronchka,46036 Vera Junction,3877470095,1
792,Nelle La Vigne,13 Anniversary Lane,8252108399,1
793,Ravi Smallthwaite,108 Waxwing Place,3763639140,0
794,Vivien Oliva,43757 Nobel Junction,3247782912,1
795,Alberik Rossbrook,13240 Sommers Alley,4368516955,1
796,Lowe Yersin,406 Derek Trail,3045527715,1
797,Kris Wardall,729 Quincy Plaza,3607096773,0
798,Hadlee Barzen,3 Prentice Way,1366910065,1
799,Natalina Braunle,54273 Dapin Lane,4117985058,0
800,Lurette Keerl,087 Warbler Place,1414247826,0
801,Nikolos Portchmouth,2 Tennessee Crossing,1948103392,0
802,Meyer Grundy,007 Cascade Court,4269706587,0
803,Neron Suddock,39408 Kingsford Park,4337837618,0
804,Liz Owbridge,1729 Continental Court,8788692482,0
805,Lexis Totterdell,31567 Badeau Hill,8789430990,0
806,Darsie Crimmins,1 Glendale Plaza,1326856455,1
807,Shoshana Ferby,4 Debra Lane,3301569066,1
808,Danyette Milward,837 Harper Circle,1567486348,0
809,Claribel Fennelly,1 Bonner Junction,7586277272,1
810,Zed Edge,5384 Farragut Crossing,1036073638,0
811,Brodie Rayner,6690 Drewry Point,8097306820,1
812,Hernando Bartrap,8 Straubel Alley,9631042730,0
813,Linnea Duke,67737 Monica Park,5709175041,1
814,Ryley Kitcatt,6970 Nancy Point,5541871389,1
815,Jon Lincoln,30 Londonderry Place,5481824220,0
816,Alain Piletic,74419 Merchant Plaza,7072559029,1
817,Tremayne Pegrum,09 Springs Place,4124058957,1
818,Krystle Sarson,3 Waubesa Alley,7818644170,0
819,Prinz Rodder,6956 Bayside Avenue,6333627111,0
820,Eugen O'Doherty,326 Holmberg Trail,9794154919,1
821,Izzy McDougall,803 Bluejay Plaza,4339460689,1
822,Marylinda Bonnell,6776 Muir Road,2421708201,0
823,Arney Frensch,251 Graceland Avenue,6673549514,1
824,Wald Glencros,534 Butterfield Circle,1256252062,1
825,Thatch Ruvel,7 Waywood Parkway,2731997400,0
826,Ruy McAlpine,768 Gulseth Trail,8375501800,0
827,Dorella Crone,68413 6th Avenue,6057638484,1
828,Barbara Quarles,8 Acker Road,7781998022,0
829,Frasco McColley,534 Lillian Road,9154862291,1
830,Nat Petrol,3 Onsgard Point,9271314867,1
831,Aldis Houlridge,59 Lindbergh Point,5923672749,1
832,Orton Verlinde,709 Fordem Court,5254242003,1
833,Wally Manueli,32 Glacier Hill Avenue,9364451622,1
834,Shirl Huncoot,1850 Fulton Center,6434390656,0
835,Sherill Munks,9584 Doe Crossing Parkway,8765275118,0
836,Dinnie Landman,3923 South Road,5064224181,1
837,Kristine Pearn,88508 Grasskamp Way,7448938469,0
838,Kirbee Rounsefell,19 Sunfield Parkway,9365703137,1
839,Lyndsay Maddigan,4 Karstens Point,5704158213,0
840,Nicolina Mowsdell,63 Canary Trail,7876764741,1
841,Dottie Honisch,3 Havey Way,4896288550,0
842,Delaney Mangam,706 Mayfield Circle,4052323296,1
843,Penny Ineson,7396 Westridge Trail,8048183798,1
844,Kailey Kite,5455 Park Meadow Avenue,9122743660,1
845,Atlanta Littlefair,3 Tomscot Avenue,2081680114,1
846,Ophelie Bartens,19 Main Alley,5902715132,1
847,Tasia Whybray,0 Park Meadow Drive,4466839455,1
848,Lee Sellors,2404 Anderson Lane,1548146662,0
849,Joelynn Voelker,3268 Welch Place,9759702316,1
850,Dukey Deerr,78172 Express Road,2285059589,0
851,Millisent Asson,77 Vera Road,7633770826,1
852,Cristi Soot,3 Bunting Crossing,1568795569,0
853,Ingaberg Everett,04 Morningstar Place,4689233338,0
854,Lenna Bristoe,4998 Butternut Avenue,4886100773,1
855,Bearnard Eva,74 Lotheville Point,2126663608,0
856,Nikolai Iozefovich,51504 Hagan Park,3805723662,1
857,Malissa Ellaway,36 Dunning Parkway,6537998187,1
858,Beverlee Eyam,45 Nelson Parkway,6763204042,0
859,Maggie Louisot,27783 Oakridge Court,6461233036,1
860,Morey Brighouse,0 Heffernan Park,1034137889,0
861,Daven Charette,83 Green Ridge Way,2594392551,1
862,Margot Weller,87665 Dapin Hill,5829949449,1
863,Olia Polotti,89789 Pierstorff Parkway,9246416586,0
864,Marjory Haslock(e),758 Steensland Alley,1554887158,1
865,Robinet Sivell,83338 Merry Park,7501957704,0
866,Magdaia Caulwell,688 Crowley Court,5989803008,0
867,Lauritz Palk,1 Springview Lane,4665239724,0
868,Alisa McGing,9 Oakridge Crossing,4563022086,1
869,Reagan Leicester,3753 Susan Street,6795345705,0
870,Carlie Revitt,98416 Hudson Park,5022296535,1
871,Chloris Toulch,48039 Graceland Terrace,5696551876,0
872,Ofilia Camel,544 Gale Junction,6616295063,1
873,Tildy Attenbarrow,56898 Porter Lane,5117896662,1
874,Bailie Farriar,5 Graceland Plaza,5972009223,1
875,Kelcy Tuckwell,56 Brentwood Plaza,3728284068,0
876,Bella Siegertsz,2 Blackbird Trail,5978176584,1
877,Leslie Kernaghan,95518 Meadow Vale Junction,8118514989,1
878,Darlene Shorto,5547 Mallory Parkway,9027274090,1
879,Bonni Simanek,0560 Mandrake Terrace,4851985877,1
880,Kimmy Chestle,1 Lighthouse Bay Park,3424634052,0
881,Travis Worledge,809 Carey Parkway,2668445024,0
882,Hamlin Jancy,88 Meadow Ridge Terrace,7249266997,0
883,Lew Winterton,280 Lake View Street,8518366368,0
884,Marion Menel,0 Melvin Avenue,6578810186,0
885,Rahal Dow,6744 Gale Way,1872981232,0
886,Tildi Petticrow,3 Fieldstone Plaza,4183416556,1
887,Kirbie McKain,23298 Schmedeman Point,8371211364,1
888,Shepherd Grinikhin,695 Garrison Point,4774260912,0
889,Marcel Dyerson,3533 Redwing Road,6416691199,0
890,Dotti Chilcott,21 Farmco Terrace,4876684298,1
891,Alexis Kewley,4 Mesta Hill,9505216030,0
892,Golda Trendle,271 Summerview Terrace,8891318999,0
893,Guillermo Morgon,2419 Schlimgen Trail,9952550019,1
894,Bent Hrus,529 Daystar Alley,7228972445,1
895,Dennie Smaling,79 Hollow Ridge Street,3665072669,1
896,Courtney Hawley,306 Kingsford Circle,7029838765,1
897,Katy Bedward,7 Ryan Hill,2801250466,1
898,Allard Twamley,1853 Towne Terrace,1488150617,0
899,Cecilia Blockley,7551 Service Alley,7107107227,1
900,Carleton Gebhardt,1 Sloan Trail,2554498069,0
901,Fergus Hudd,4 Longview Park,3547209857,1
902,Louella Freke,1 Village Green Court,9359952141,0
903,Agnes Penzer,64557 Kings Junction,4591193908,1
904,Nola Sharpe,33522 Union Pass,5053392866,0
905,Noami Looney,9889 Parkside Road,6516284868,0
906,Sky Brando,519 High Crossing Court,6855534288,1
907,Maddy Cahen,4 Hollow Ridge Trail,3189194810,1
908,Englebert Very,27468 Ramsey Parkway,4825889133,0
909,Alta Tapply,20 4th Street,1489573822,1
910,Udall Fenlon,61075 Del Sol Lane,1041050319,0
911,Brant Syce,2 Goodland Alley,1055037596,1
912,Romain Seatter,576 Becker Way,7579100368,1
913,Ashlan Godier,333 Mayfield Crossing,5933095855,0
914,Rubie O'Dempsey,51 Fulton Pass,3606964927,0
915,Jean Emanuelov,20 Bonner Court,8631397588,0
916,Kylynn Peck,76030 High Crossing Parkway,5067938765,0
917,Rod Nasey,26 Haas Lane,3312184747,0
918,Norrie Crumley,2436 Oriole Junction,1756342367,0
919,Mariel Candie,23 American Avenue,8404230204,0
920,Tate Jeaffreson,246 Center Terrace,3793334382,0
921,Lucky Rame,9098 Birchwood Court,3628741245,1
922,Leslie Castagnier,7608 Hoffman Lane,3308981669,1
923,Edmund Hobgen,121 Ruskin Trail,6473468215,1
924,Katine McFarland,82944 High Crossing Hill,7393658441,0
925,Lisle Ardling,67978 Dakota Plaza,5364670397,1
926,Mart MacKill,6 Ronald Regan Way,5129386056,0
927,Xenia Johantges,8 Sunbrook Lane,3966510189,1
928,Kyle Labbey,039 Eagan Place,2022695622,1
929,Gib Attfield,610 Lakeland Street,1749948073,1
930,Ericha Purle,09 Ludington Court,1223158817,0
931,Brittany Desantis,46 Welch Avenue,6478267589,0
932,Shandeigh Christaeas,9 Randy Drive,9904410153,1
933,Grier Haggerty,51530 Lien Park,9292417108,0
934,Thomasina Estevez,0747 Talisman Parkway,5258629458,0
935,Remus Cosins,87254 Londonderry Park,5412750596,0
936,Valentijn Oxterby,04 Eagan Hill,5702825770,0
937,Rafi Pirolini,79 Dahle Road,4112665705,1
938,Violante Andreia,5 Bartelt Drive,4739371574,1
939,Yoshi Doche,8 Dixon Crossing,7567477800,1
940,Findley Jancey,192 Mandrake Alley,8742274792,0
941,Ruy Jaggli,312 Grim Hill,8026974553,0
942,Iver Quarrington,14 Autumn Leaf Alley,3043614992,0
943,Bronson Abel,3171 Carpenter Park,9369570289,1
944,Clio Iacobini,85271 Towne Road,6523741901,1
945,Horatio Soloway,1429 Lawn Lane,1221705320,1
946,Baxy Killshaw,45245 Maryland Pass,4785524875,1
947,Dorian Firks,2 Sutteridge Crossing,7502384777,0
948,Bradley Fripps,95 Marcy Parkway,7991038241,0
949,Lona Condon,8130 Burrows Crossing,4152447701,0
950,Cherice Frangello,34738 Mendota Road,8618023825,1
951,Leticia Sargood,546 International Road,9946137470,1
952,Whittaker Beesey,9 Esker Place,6186572196,1
953,Chip Sexti,366 Kim Lane,9512883833,1
954,Daisie Escritt,1278 Bellgrove Hill,1057862847,0
955,Westley Januszewski,8412 Dunning Lane,3953504031,0
956,Rennie Dever,77286 Nancy Circle,2353114512,1
957,Bobina Casine,09392 Bellgrove Hill,6088589032,1
958,Selma D' Angelo,0411 Cambridge Terrace,7612927769,0
959,Meier Denson,20185 Esker Drive,9706084231,1
960,Beale Petrolli,9 Hintze Park,4691386697,1
961,Rudie Viscovi,7751 La Follette Place,9184149790,0
962,Worthington Briat,5335 Hanson Junction,4148685878,0
963,Melicent Sleany,62 Lawn Avenue,3664402091,1
964,Lilllie Kiehl,2936 Gateway Lane,3357337013,0
965,Esmeralda Neath,245 Summit Point,6649355954,0
966,Bil Prestney,32687 Morrow Terrace,5264981456,0
967,Clo Berthomieu,4 Oxford Hill,6171222886,0
968,Inga Wathell,8802 Elmside Drive,2327721328,0
969,Bette Whittlesee,717 Everett Court,8816931292,1
970,Skipper Tomik,46 Corry Drive,4906243910,0
971,Phylis Sellar,82 Jenna Terrace,3617491402,0
972,Claudetta Mumford,4082 Pepper Wood Trail,6657754850,0
973,Dolores Toderini,8259 Bobwhite Crossing,8379840550,1
974,Salaidh Randals,4495 Lakeland Road,4414969386,0
975,Damara Bafford,28052 Warner Avenue,5998099764,0
976,Karena Miskelly,2749 Charing Cross Hill,7048515479,1
977,Ellie Sellor,26 Badeau Center,7355875351,1
978,Benita Tremayle,597 Hayes Lane,1273918618,1
979,Harriot Bruin,5470 Parkside Lane,3516639942,1
980,Adelina Writer,08 Golden Leaf Lane,6767653781,0
981,Britni Rumbelow,74 Cottonwood Avenue,1079079413,1
982,Valaria Panter,6 Graceland Alley,4185451517,0
983,Catherina Ludford,66 Park Meadow Place,1798657900,1
984,Colan Berrigan,86 7th Pass,7135543273,0
985,Morris Jubert,424 Springview Point,7295803530,0
986,Shel Lghan,00490 Scofield Way,9249685047,1
987,Emanuele Kelshaw,37 Armistice Road,6085259882,1
988,Marybelle Gander,947 Gina Pass,9477492553,1
989,Laural Hourahan,79267 Union Point,1591884028,1
990,Harriett Dallmann,0325 Westport Hill,1834670661,1
991,Ruby Cariss,3 Luster Road,4484366426,1
992,Caressa McEneny,347 Glacier Hill Hill,1922635811,1
993,Yoko Gauge,519 Chive Point,7556614549,1
994,Claudetta Kingman,4951 Tomscot Terrace,1915247830,0
995,Roman Karpol,95666 Maywood Drive,4465781060,0
996,Pearl Andriveau,33 Northridge Parkway,4802446420,0
997,Cherry Bahike,1842 Sauthoff Pass,1333640791,0
998,Mona Vasilyev,14 Marquette Avenue,7667047202,1
999,Reta Sommerling,0 Onsgard Pass,2657280719,0
1000,Maynard Pettegre,48 Beilfuss Center,9836826838,0
